"fuel category","generation (M MWh)","hovertext","year_quarter"
"Coal",482.291604,"482 Million MWh<br>2,199 lb/MWh","2001 Q1"
"Coal",454.879371,"454 Million MWh<br>2,207 lb/MWh","2001 Q2"
"Coal",516.334801,"516 Million MWh<br>2,222 lb/MWh","2001 Q3"
"Coal",450.450163,"450 Million MWh<br>2,195 lb/MWh","2001 Q4"
"Coal",458.892491,"458 Million MWh<br>2,181 lb/MWh","2002 Q1"
"Coal",458.378687,"458 Million MWh<br>2,200 lb/MWh","2002 Q2"
"Coal",528.516455,"528 Million MWh<br>2,213 lb/MWh","2002 Q3"
"Coal",487.342713,"487 Million MWh<br>2,186 lb/MWh","2002 Q4"
"Coal",493.297411,"493 Million MWh<br>2,199 lb/MWh","2003 Q1"
"Coal",454.507584,"454 Million MWh<br>2,203 lb/MWh","2003 Q2"
"Coal",532.094144,"532 Million MWh<br>2,216 lb/MWh","2003 Q3"
"Coal",493.837607,"493 Million MWh<br>2,199 lb/MWh","2003 Q4"
"Coal",496.4489319000001,"496 Million MWh<br>2,167 lb/MWh","2004 Q1"
"Coal",466.12923968,"466 Million MWh<br>2,169 lb/MWh","2004 Q2"
"Coal",523.92608656,"523 Million MWh<br>2,174 lb/MWh","2004 Q3"
"Coal",491.79629107,"491 Million MWh<br>2,166 lb/MWh","2004 Q4"
"Coal",496.44462125999996,"496 Million MWh<br>2,153 lb/MWh","2005 Q1"
"Coal",471.90819780000004,"471 Million MWh<br>2,148 lb/MWh","2005 Q2"
"Coal",545.3207271499999,"545 Million MWh<br>2,175 lb/MWh","2005 Q3"
"Coal",499.19949964999995,"499 Million MWh<br>2,152 lb/MWh","2005 Q4"
"Coal",489.17738476,"489 Million MWh<br>2,149 lb/MWh","2006 Q1"
"Coal",468.1294669500001,"468 Million MWh<br>2,146 lb/MWh","2006 Q2"
"Coal",538.86615539,"538 Million MWh<br>2,171 lb/MWh","2006 Q3"
"Coal",494.33812751999994,"494 Million MWh<br>2,146 lb/MWh","2006 Q4"
"Coal",499.15332420999994,"499 Million MWh<br>2,143 lb/MWh","2007 Q1"
"Coal",477.27570651999997,"477 Million MWh<br>2,161 lb/MWh","2007 Q2"
"Coal",544.5798769099998,"544 Million MWh<br>2,177 lb/MWh","2007 Q3"
"Coal",495.44667630000004,"495 Million MWh<br>2,155 lb/MWh","2007 Q4"
"Coal",510.2851021700001,"510 Million MWh<br>2,144 lb/MWh","2008 Q1"
"Coal",472.9422043699999,"472 Million MWh<br>2,167 lb/MWh","2008 Q2"
"Coal",528.6662966499999,"528 Million MWh<br>2,183 lb/MWh","2008 Q3"
"Coal",473.90764375,"473 Million MWh<br>2,157 lb/MWh","2008 Q4"
"Coal",448.37126295999997,"448 Million MWh<br>2,158 lb/MWh","2009 Q1"
"Coal",405.69480179000004,"405 Million MWh<br>2,181 lb/MWh","2009 Q2"
"Coal",458.63900016,"458 Million MWh<br>2,188 lb/MWh","2009 Q3"
"Coal",443.19918825,"443 Million MWh<br>2,166 lb/MWh","2009 Q4"
"Coal",470.76995326000014,"470 Million MWh<br>2,159 lb/MWh","2010 Q1"
"Coal",435.7158679199998,"435 Million MWh<br>2,183 lb/MWh","2010 Q2"
"Coal",506.09149092000007,"506 Million MWh<br>2,202 lb/MWh","2010 Q3"
"Coal",434.71296667,"434 Million MWh<br>2,185 lb/MWh","2010 Q4"
"Coal",443.95906802999997,"443 Million MWh<br>2,186 lb/MWh","2011 Q1"
"Coal",419.64503514,"419 Million MWh<br>2,198 lb/MWh","2011 Q2"
"Coal",488.80750270999994,"488 Million MWh<br>2,215 lb/MWh","2011 Q3"
"Coal",381.01839981000006,"381 Million MWh<br>2,201 lb/MWh","2011 Q4"
"Coal",348.48858362,"348 Million MWh<br>2,200 lb/MWh","2012 Q1"
"Coal",343.52912339,"343 Million MWh<br>2,212 lb/MWh","2012 Q2"
"Coal",438.21992575999997,"438 Million MWh<br>2,222 lb/MWh","2012 Q3"
"Coal",383.80531217000015,"383 Million MWh<br>2,185 lb/MWh","2012 Q4"
"Coal",392.2851863299999,"392 Million MWh<br>2,183 lb/MWh","2013 Q1"
"Coal",369.63039858999997,"369 Million MWh<br>2,199 lb/MWh","2013 Q2"
"Coal",435.40334296,"435 Million MWh<br>2,215 lb/MWh","2013 Q3"
"Coal",383.79578819,"383 Million MWh<br>2,192 lb/MWh","2013 Q4"
"Coal",436.83445748,"436 Million MWh<br>2,168 lb/MWh","2014 Q1"
"Coal",365.64331382,"365 Million MWh<br>2,198 lb/MWh","2014 Q2"
"Coal",424.1890656100001,"424 Million MWh<br>2,215 lb/MWh","2014 Q3"
"Coal",355.04351307999985,"355 Million MWh<br>2,189 lb/MWh","2014 Q4"
"Coal",367.9148913299999,"367 Million MWh<br>2,194 lb/MWh","2015 Q1"
"Coal",319.24678289999997,"319 Million MWh<br>2,232 lb/MWh","2015 Q2"
"Coal",391.75580974,"391 Million MWh<br>2,244 lb/MWh","2015 Q3"
"Coal",273.48071308,"273 Million MWh<br>2,250 lb/MWh","2015 Q4"
"Coal",278.33671458000003,"278 Million MWh<br>2,218 lb/MWh","2016 Q1"
"Coal",269.84175635,"269 Million MWh<br>2,226 lb/MWh","2016 Q2"
"Coal",386.08893562000003,"386 Million MWh<br>2,224 lb/MWh","2016 Q3"
"Coal",304.88124806999997,"304 Million MWh<br>2,207 lb/MWh","2016 Q4"
"Coal",291.5196185000001,"291 Million MWh<br>2,199 lb/MWh","2017 Q1"
"Coal",281.62017667000003,"281 Million MWh<br>2,217 lb/MWh","2017 Q2"
"Coal",345.3882514300001,"345 Million MWh<br>2,231 lb/MWh","2017 Q3"
"Coal",287.30722961000004,"287 Million MWh<br>2,206 lb/MWh","2017 Q4"
"Coal",281.95995973000004,"281 Million MWh<br>2,194 lb/MWh","2018 Q1"
"Coal",260.07673324,"260 Million MWh<br>2,228 lb/MWh","2018 Q2"
"Coal",327.04982456,"327 Million MWh<br>2,238 lb/MWh","2018 Q3"
"Coal",280.36993913000003,"280 Million MWh<br>2,190 lb/MWh","2018 Q4"
"Coal",259.18573313999997,"259 Million MWh<br>2,193 lb/MWh","2019 Q1"
"Coal",210.34658924000001,"210 Million MWh<br>2,220 lb/MWh","2019 Q2"
"Coal",280.51718380000005,"280 Million MWh<br>2,247 lb/MWh","2019 Q3"
"Coal",214.90730563,"214 Million MWh<br>2,214 lb/MWh","2019 Q4"
"Coal",172.07185569,"172 Million MWh<br>2,221 lb/MWh","2020 Q1"
"Coal",152.48499833000002,"152 Million MWh<br>2,266 lb/MWh","2020 Q2"
"Coal",249.26163920000005,"249 Million MWh<br>2,263 lb/MWh","2020 Q3"
"Coal",199.57440411000002,"199 Million MWh<br>2,217 lb/MWh","2020 Q4"
"Coal",231.3426716799999,"231 Million MWh<br>2,292 lb/MWh","2021 Q1"
"Coal",205.25912562,"205 Million MWh<br>2,332 lb/MWh","2021 Q2"
"Coal",282.41836574,"282 Million MWh<br>2,341 lb/MWh","2021 Q3"
"Hydro",56.802131,"56 Million MWh<br>0 lb/MWh","2001 Q1"
"Hydro",57.916258,"57 Million MWh<br>0 lb/MWh","2001 Q2"
"Hydro",52.248915,"52 Million MWh<br>0 lb/MWh","2001 Q3"
"Hydro",49.993748,"49 Million MWh<br>0 lb/MWh","2001 Q4"
"Hydro",62.995428,"62 Million MWh<br>0 lb/MWh","2002 Q1"
"Hydro",79.122139,"79 Million MWh<br>0 lb/MWh","2002 Q2"
"Hydro",63.641356,"63 Million MWh<br>0 lb/MWh","2002 Q3"
"Hydro",58.569901,"58 Million MWh<br>0 lb/MWh","2002 Q4"
"Hydro",64.582208,"64 Million MWh<br>0 lb/MWh","2003 Q1"
"Hydro",82.740517,"82 Million MWh<br>0 lb/MWh","2003 Q2"
"Hydro",66.295576,"66 Million MWh<br>0 lb/MWh","2003 Q3"
"Hydro",62.188023,"62 Million MWh<br>0 lb/MWh","2003 Q4"
"Hydro",66.81120386000002,"66 Million MWh<br>0 lb/MWh","2004 Q1"
"Hydro",70.16003794,"70 Million MWh<br>0 lb/MWh","2004 Q2"
"Hydro",65.43550831,"65 Million MWh<br>0 lb/MWh","2004 Q3"
"Hydro",66.01055828,"66 Million MWh<br>0 lb/MWh","2004 Q4"
"Hydro",68.81500638,"68 Million MWh<br>0 lb/MWh","2005 Q1"
"Hydro",77.11985958000001,"77 Million MWh<br>0 lb/MWh","2005 Q2"
"Hydro",64.88620440000001,"64 Million MWh<br>0 lb/MWh","2005 Q3"
"Hydro",59.500184850000004,"59 Million MWh<br>0 lb/MWh","2005 Q4"
"Hydro",76.82294803,"76 Million MWh<br>0 lb/MWh","2006 Q1"
"Hydro",89.13141008,"89 Million MWh<br>0 lb/MWh","2006 Q2"
"Hydro",64.36920699,"64 Million MWh<br>0 lb/MWh","2006 Q3"
"Hydro",58.92285083999999,"58 Million MWh<br>0 lb/MWh","2006 Q4"
"Hydro",68.77479982,"68 Million MWh<br>0 lb/MWh","2007 Q1"
"Hydro",72.75416769,"72 Million MWh<br>0 lb/MWh","2007 Q2"
"Hydro",57.16084583,"57 Million MWh<br>0 lb/MWh","2007 Q3"
"Hydro",48.820161340000006,"48 Million MWh<br>0 lb/MWh","2007 Q4"
"Hydro",61.236955400000014,"61 Million MWh<br>0 lb/MWh","2008 Q1"
"Hydro",78.63250670000001,"78 Million MWh<br>0 lb/MWh","2008 Q2"
"Hydro",62.96255616,"62 Million MWh<br>0 lb/MWh","2008 Q3"
"Hydro",51.99936716,"51 Million MWh<br>0 lb/MWh","2008 Q4"
"Hydro",63.12978102,"63 Million MWh<br>0 lb/MWh","2009 Q1"
"Hydro",84.56285716000001,"84 Million MWh<br>0 lb/MWh","2009 Q2"
"Hydro",60.323878719999975,"60 Million MWh<br>0 lb/MWh","2009 Q3"
"Hydro",65.42857761999998,"65 Million MWh<br>0 lb/MWh","2009 Q4"
"Hydro",63.85856515000001,"63 Million MWh<br>0 lb/MWh","2010 Q1"
"Hydro",74.02970651999999,"74 Million MWh<br>0 lb/MWh","2010 Q2"
"Hydro",61.90120003,"61 Million MWh<br>0 lb/MWh","2010 Q3"
"Hydro",60.41359785,"60 Million MWh<br>0 lb/MWh","2010 Q4"
"Hydro",80.79679129,"80 Million MWh<br>0 lb/MWh","2011 Q1"
"Hydro",95.93244698999999,"95 Million MWh<br>0 lb/MWh","2011 Q2"
"Hydro",78.42580462000001,"78 Million MWh<br>0 lb/MWh","2011 Q3"
"Hydro",64.19986083999999,"64 Million MWh<br>0 lb/MWh","2011 Q4"
"Hydro",69.29774266999999,"69 Million MWh<br>0 lb/MWh","2012 Q1"
"Hydro",81.59437293,"81 Million MWh<br>0 lb/MWh","2012 Q2"
"Hydro",67.12873581999999,"67 Million MWh<br>0 lb/MWh","2012 Q3"
"Hydro",58.219368130000014,"58 Million MWh<br>0 lb/MWh","2012 Q4"
"Hydro",65.78135078999999,"65 Million MWh<br>0 lb/MWh","2013 Q1"
"Hydro",80.93126542,"80 Million MWh<br>0 lb/MWh","2013 Q2"
"Hydro",65.84903949,"65 Million MWh<br>0 lb/MWh","2013 Q3"
"Hydro",56.00372728,"56 Million MWh<br>0 lb/MWh","2013 Q4"
"Hydro",63.28705289,"63 Million MWh<br>0 lb/MWh","2014 Q1"
"Hydro",77.72766944,"77 Million MWh<br>0 lb/MWh","2014 Q2"
"Hydro",60.23897584,"60 Million MWh<br>0 lb/MWh","2014 Q3"
"Hydro",58.11292397,"58 Million MWh<br>0 lb/MWh","2014 Q4"
"Hydro",70.70536466999998,"70 Million MWh<br>0 lb/MWh","2015 Q1"
"Hydro",63.01047687000001,"63 Million MWh<br>0 lb/MWh","2015 Q2"
"Hydro",56.230449,"56 Million MWh<br>0 lb/MWh","2015 Q3"
"Hydro",59.13379445,"59 Million MWh<br>0 lb/MWh","2015 Q4"
"Hydro",77.14343502999999,"77 Million MWh<br>0 lb/MWh","2016 Q1"
"Hydro",74.60127768,"74 Million MWh<br>0 lb/MWh","2016 Q2"
"Hydro",57.39255417999999,"57 Million MWh<br>0 lb/MWh","2016 Q3"
"Hydro",58.67488641,"58 Million MWh<br>0 lb/MWh","2016 Q4"
"Hydro",80.12284061000001,"80 Million MWh<br>0 lb/MWh","2017 Q1"
"Hydro",92.59187645,"92 Million MWh<br>0 lb/MWh","2017 Q2"
"Hydro",67.7838577,"67 Million MWh<br>0 lb/MWh","2017 Q3"
"Hydro",59.83435517,"59 Million MWh<br>0 lb/MWh","2017 Q4"
"Hydro",75.82693832,"75 Million MWh<br>0 lb/MWh","2018 Q1"
"Hydro",86.15692694000002,"86 Million MWh<br>0 lb/MWh","2018 Q2"
"Hydro",66.28205515000002,"66 Million MWh<br>0 lb/MWh","2018 Q3"
"Hydro",64.25806876000001,"64 Million MWh<br>0 lb/MWh","2018 Q4"
"Hydro",74.01233163999999,"74 Million MWh<br>0 lb/MWh","2019 Q1"
"Hydro",87.87998148999999,"87 Million MWh<br>0 lb/MWh","2019 Q2"
"Hydro",65.979826,"65 Million MWh<br>0 lb/MWh","2019 Q3"
"Hydro",60.00159164999999,"60 Million MWh<br>0 lb/MWh","2019 Q4"
"Hydro",74.18893648000001,"74 Million MWh<br>0 lb/MWh","2020 Q1"
"Hydro",81.16989889000001,"81 Million MWh<br>0 lb/MWh","2020 Q2"
"Hydro",68.70414711000001,"68 Million MWh<br>0 lb/MWh","2020 Q3"
"Hydro",61.210912590000014,"61 Million MWh<br>0 lb/MWh","2020 Q4"
"Hydro",68.83701762000001,"68 Million MWh<br>0 lb/MWh","2021 Q1"
"Hydro",65.96886351000002,"65 Million MWh<br>0 lb/MWh","2021 Q2"
"Hydro",60.91259748000001,"60 Million MWh<br>0 lb/MWh","2021 Q3"
"Natural Gas",124.720002,"124 Million MWh<br>1,089 lb/MWh","2001 Q1"
"Natural Gas",154.380102,"154 Million MWh<br>1,115 lb/MWh","2001 Q2"
"Natural Gas",211.621085,"211 Million MWh<br>1,114 lb/MWh","2001 Q3"
"Natural Gas",148.407925,"148 Million MWh<br>1,049 lb/MWh","2001 Q4"
"Natural Gas",143.93573,"143 Million MWh<br>1,037 lb/MWh","2002 Q1"
"Natural Gas",165.052668,"165 Million MWh<br>1,071 lb/MWh","2002 Q2"
"Natural Gas",236.555265,"236 Million MWh<br>1,084 lb/MWh","2002 Q3"
"Natural Gas",145.462092,"145 Million MWh<br>1,026 lb/MWh","2002 Q4"
"Natural Gas",140.42135,"140 Million MWh<br>982 lb/MWh","2003 Q1"
"Natural Gas",149.021297,"149 Million MWh<br>1,017 lb/MWh","2003 Q2"
"Natural Gas",219.277912,"219 Million MWh<br>1,023 lb/MWh","2003 Q3"
"Natural Gas",141.186987,"141 Million MWh<br>982 lb/MWh","2003 Q4"
"Natural Gas",148.37443383999997,"148 Million MWh<br>937 lb/MWh","2004 Q1"
"Natural Gas",178.52946540999997,"178 Million MWh<br>949 lb/MWh","2004 Q2"
"Natural Gas",224.964704,"224 Million MWh<br>960 lb/MWh","2004 Q3"
"Natural Gas",158.23141341000002,"158 Million MWh<br>931 lb/MWh","2004 Q4"
"Natural Gas",148.14721641999998,"148 Million MWh<br>923 lb/MWh","2005 Q1"
"Natural Gas",182.47778254,"182 Million MWh<br>954 lb/MWh","2005 Q2"
"Natural Gas",270.96154737,"270 Million MWh<br>969 lb/MWh","2005 Q3"
"Natural Gas",159.37370801,"159 Million MWh<br>932 lb/MWh","2005 Q4"
"Natural Gas",146.13765205,"146 Million MWh<br>926 lb/MWh","2006 Q1"
"Natural Gas",202.73667159000001,"202 Million MWh<br>952 lb/MWh","2006 Q2"
"Natural Gas",287.35852833000007,"287 Million MWh<br>967 lb/MWh","2006 Q3"
"Natural Gas",180.20791769000002,"180 Million MWh<br>929 lb/MWh","2006 Q4"
"Natural Gas",175.30042422000002,"175 Million MWh<br>921 lb/MWh","2007 Q1"
"Natural Gas",208.13399891999998,"208 Million MWh<br>950 lb/MWh","2007 Q2"
"Natural Gas",307.3527171900001,"307 Million MWh<br>967 lb/MWh","2007 Q3"
"Natural Gas",205.80265114999995,"205 Million MWh<br>934 lb/MWh","2007 Q4"
"Natural Gas",194.81249283000002,"194 Million MWh<br>913 lb/MWh","2008 Q1"
"Natural Gas",209.93652179,"209 Million MWh<br>951 lb/MWh","2008 Q2"
"Natural Gas",279.13040157000006,"279 Million MWh<br>951 lb/MWh","2008 Q3"
"Natural Gas",199.10118316,"199 Million MWh<br>920 lb/MWh","2008 Q4"
"Natural Gas",196.73170989,"196 Million MWh<br>907 lb/MWh","2009 Q1"
"Natural Gas",213.50950196000005,"213 Million MWh<br>932 lb/MWh","2009 Q2"
"Natural Gas",303.26000450000004,"303 Million MWh<br>940 lb/MWh","2009 Q3"
"Natural Gas",207.47746457,"207 Million MWh<br>907 lb/MWh","2009 Q4"
"Natural Gas",203.79981644,"203 Million MWh<br>904 lb/MWh","2010 Q1"
"Natural Gas",230.57434565,"230 Million MWh<br>936 lb/MWh","2010 Q2"
"Natural Gas",328.77872266,"328 Million MWh<br>954 lb/MWh","2010 Q3"
"Natural Gas",224.53821656,"224 Million MWh<br>910 lb/MWh","2010 Q4"
"Natural Gas",206.11145123,"206 Million MWh<br>910 lb/MWh","2011 Q1"
"Natural Gas",235.94472632999992,"235 Million MWh<br>944 lb/MWh","2011 Q2"
"Natural Gas",331.19612633999986,"331 Million MWh<br>950 lb/MWh","2011 Q3"
"Natural Gas",240.36542690000005,"240 Million MWh<br>897 lb/MWh","2011 Q4"
"Natural Gas",273.60764272,"273 Million MWh<br>895 lb/MWh","2012 Q1"
"Natural Gas",317.76167555999996,"317 Million MWh<br>942 lb/MWh","2012 Q2"
"Natural Gas",378.59235074000003,"378 Million MWh<br>949 lb/MWh","2012 Q3"
"Natural Gas",255.87011883000002,"255 Million MWh<br>905 lb/MWh","2012 Q4"
"Natural Gas",253.55218094999998,"253 Million MWh<br>895 lb/MWh","2013 Q1"
"Natural Gas",261.45079384,"261 Million MWh<br>921 lb/MWh","2013 Q2"
"Natural Gas",343.97145388999996,"343 Million MWh<br>935 lb/MWh","2013 Q3"
"Natural Gas",265.79527935,"265 Million MWh<br>904 lb/MWh","2013 Q4"
"Natural Gas",245.14008085,"245 Million MWh<br>908 lb/MWh","2014 Q1"
"Natural Gas",264.35181901,"264 Million MWh<br>914 lb/MWh","2014 Q2"
"Natural Gas",343.99077726,"343 Million MWh<br>924 lb/MWh","2014 Q3"
"Natural Gas",273.05866941000005,"273 Million MWh<br>902 lb/MWh","2014 Q4"
"Natural Gas",292.41490819,"292 Million MWh<br>879 lb/MWh","2015 Q1"
"Natural Gas",315.79428707000005,"315 Million MWh<br>913 lb/MWh","2015 Q2"
"Natural Gas",403.23215362999997,"403 Million MWh<br>934 lb/MWh","2015 Q3"
"Natural Gas",322.01264781,"322 Million MWh<br>906 lb/MWh","2015 Q4"
"Natural Gas",312.48074477,"312 Million MWh<br>877 lb/MWh","2016 Q1"
"Natural Gas",340.69560948000003,"340 Million MWh<br>911 lb/MWh","2016 Q2"
"Natural Gas",431.90931622000005,"431 Million MWh<br>925 lb/MWh","2016 Q3"
"Natural Gas",293.19856161999985,"293 Million MWh<br>886 lb/MWh","2016 Q4"
"Natural Gas",273.40329573,"273 Million MWh<br>872 lb/MWh","2017 Q1"
"Natural Gas",303.70507075,"303 Million MWh<br>902 lb/MWh","2017 Q2"
"Natural Gas",406.16272794,"406 Million MWh<br>919 lb/MWh","2017 Q3"
"Natural Gas",313.15169299,"313 Million MWh<br>886 lb/MWh","2017 Q4"
"Natural Gas",315.32051852999996,"315 Million MWh<br>875 lb/MWh","2018 Q1"
"Natural Gas",344.47570057999985,"344 Million MWh<br>908 lb/MWh","2018 Q2"
"Natural Gas",468.20405902,"468 Million MWh<br>918 lb/MWh","2018 Q3"
"Natural Gas",341.10963410000005,"341 Million MWh<br>879 lb/MWh","2018 Q4"
"Natural Gas",349.51604129000003,"349 Million MWh<br>863 lb/MWh","2019 Q1"
"Natural Gas",358.92752267000003,"358 Million MWh<br>903 lb/MWh","2019 Q2"
"Natural Gas",496.59278643000005,"496 Million MWh<br>921 lb/MWh","2019 Q3"
"Natural Gas",380.66770046,"380 Million MWh<br>880 lb/MWh","2019 Q4"
"Natural Gas",389.65852852999996,"389 Million MWh<br>872 lb/MWh","2020 Q1"
"Natural Gas",370.05450616000013,"370 Million MWh<br>895 lb/MWh","2020 Q2"
"Natural Gas",495.7711945600002,"495 Million MWh<br>924 lb/MWh","2020 Q3"
"Natural Gas",368.54910442000016,"368 Million MWh<br>882 lb/MWh","2020 Q4"
"Natural Gas",344.9120571,"344 Million MWh<br>819 lb/MWh","2021 Q1"
"Natural Gas",369.72741735000017,"369 Million MWh<br>840 lb/MWh","2021 Q2"
"Natural Gas",480.28138049,"480 Million MWh<br>843 lb/MWh","2021 Q3"
"Nuclear",192.120196,"192 Million MWh<br>0 lb/MWh","2001 Q1"
"Nuclear",185.538569,"185 Million MWh<br>0 lb/MWh","2001 Q2"
"Nuclear",200.933987,"200 Million MWh<br>0 lb/MWh","2001 Q3"
"Nuclear",190.233556,"190 Million MWh<br>0 lb/MWh","2001 Q4"
"Nuclear",195.624784,"195 Million MWh<br>0 lb/MWh","2002 Q1"
"Nuclear",187.84115,"187 Million MWh<br>0 lb/MWh","2002 Q2"
"Nuclear",205.679305,"205 Million MWh<br>0 lb/MWh","2002 Q3"
"Nuclear",190.918848,"190 Million MWh<br>0 lb/MWh","2002 Q4"
"Nuclear",190.086214,"190 Million MWh<br>0 lb/MWh","2003 Q1"
"Nuclear",183.158278,"183 Million MWh<br>0 lb/MWh","2003 Q2"
"Nuclear",202.260277,"202 Million MWh<br>0 lb/MWh","2003 Q3"
"Nuclear",188.227926,"188 Million MWh<br>0 lb/MWh","2003 Q4"
"Nuclear",198.193225,"198 Million MWh<br>0 lb/MWh","2004 Q1"
"Nuclear",191.27174,"191 Million MWh<br>0 lb/MWh","2004 Q2"
"Nuclear",208.97558,"208 Million MWh<br>0 lb/MWh","2004 Q3"
"Nuclear",190.087842,"190 Million MWh<br>0 lb/MWh","2004 Q4"
"Nuclear",192.313703,"192 Million MWh<br>0 lb/MWh","2005 Q1"
"Nuclear",184.598749,"184 Million MWh<br>0 lb/MWh","2005 Q2"
"Nuclear",209.19054,"209 Million MWh<br>0 lb/MWh","2005 Q3"
"Nuclear",195.883373,"195 Million MWh<br>0 lb/MWh","2005 Q4"
"Nuclear",198.248035,"198 Million MWh<br>0 lb/MWh","2006 Q1"
"Nuclear",188.734377,"188 Million MWh<br>0 lb/MWh","2006 Q2"
"Nuclear",210.844916,"210 Million MWh<br>0 lb/MWh","2006 Q3"
"Nuclear",189.391308,"189 Million MWh<br>0 lb/MWh","2006 Q4"
"Nuclear",203.536131,"203 Million MWh<br>0 lb/MWh","2007 Q1"
"Nuclear",191.249053,"191 Million MWh<br>0 lb/MWh","2007 Q2"
"Nuclear",213.068023,"213 Million MWh<br>0 lb/MWh","2007 Q3"
"Nuclear",198.571546,"198 Million MWh<br>0 lb/MWh","2007 Q4"
"Nuclear",200.581423,"200 Million MWh<br>0 lb/MWh","2008 Q1"
"Nuclear",192.477983,"192 Million MWh<br>0 lb/MWh","2008 Q2"
"Nuclear",213.989203,"213 Million MWh<br>0 lb/MWh","2008 Q3"
"Nuclear",199.159826,"199 Million MWh<br>0 lb/MWh","2008 Q4"
"Nuclear",205.570267,"205 Million MWh<br>0 lb/MWh","2009 Q1"
"Nuclear",194.538595,"194 Million MWh<br>0 lb/MWh","2009 Q2"
"Nuclear",210.94537,"210 Million MWh<br>0 lb/MWh","2009 Q3"
"Nuclear",187.800353,"187 Million MWh<br>0 lb/MWh","2009 Q4"
"Nuclear",202.449432,"202 Million MWh<br>0 lb/MWh","2010 Q1"
"Nuclear",192.57075956,"192 Million MWh<br>0 lb/MWh","2010 Q2"
"Nuclear",212.858766,"212 Million MWh<br>0 lb/MWh","2010 Q3"
"Nuclear",199.089343,"199 Million MWh<br>0 lb/MWh","2010 Q4"
"Nuclear",203.193489,"203 Million MWh<br>0 lb/MWh","2011 Q1"
"Nuclear",176.830386,"176 Million MWh<br>0 lb/MWh","2011 Q2"
"Nuclear",210.53227,"210 Million MWh<br>0 lb/MWh","2011 Q3"
"Nuclear",199.648222,"199 Million MWh<br>0 lb/MWh","2011 Q4"
"Nuclear",197.956822,"197 Million MWh<br>0 lb/MWh","2012 Q1"
"Nuclear",183.092461,"183 Million MWh<br>0 lb/MWh","2012 Q2"
"Nuclear",203.242322,"203 Million MWh<br>0 lb/MWh","2012 Q3"
"Nuclear",185.039644,"185 Million MWh<br>0 lb/MWh","2012 Q4"
"Nuclear",195.836591,"195 Million MWh<br>0 lb/MWh","2013 Q1"
"Nuclear",186.044727,"186 Million MWh<br>0 lb/MWh","2013 Q2"
"Nuclear",207.682588,"207 Million MWh<br>0 lb/MWh","2013 Q3"
"Nuclear",199.452567,"199 Million MWh<br>0 lb/MWh","2013 Q4"
"Nuclear",198.198639,"198 Million MWh<br>0 lb/MWh","2014 Q1"
"Nuclear",187.47025,"187 Million MWh<br>0 lb/MWh","2014 Q2"
"Nuclear",210.603372,"210 Million MWh<br>0 lb/MWh","2014 Q3"
"Nuclear",200.893721,"200 Million MWh<br>0 lb/MWh","2014 Q4"
"Nuclear",202.278266,"202 Million MWh<br>0 lb/MWh","2015 Q1"
"Nuclear",194.127185,"194 Million MWh<br>0 lb/MWh","2015 Q2"
"Nuclear",210.3039,"210 Million MWh<br>0 lb/MWh","2015 Q3"
"Nuclear",190.468526,"190 Million MWh<br>0 lb/MWh","2015 Q4"
"Nuclear",204.31181,"204 Million MWh<br>0 lb/MWh","2016 Q1"
"Nuclear",196.483662,"196 Million MWh<br>0 lb/MWh","2016 Q2"
"Nuclear",207.323928,"207 Million MWh<br>0 lb/MWh","2016 Q3"
"Nuclear",197.574548,"197 Million MWh<br>0 lb/MWh","2016 Q4"
"Nuclear",201.774183,"201 Million MWh<br>0 lb/MWh","2017 Q1"
"Nuclear",185.066887,"185 Million MWh<br>0 lb/MWh","2017 Q2"
"Nuclear",211.796355,"211 Million MWh<br>0 lb/MWh","2017 Q3"
"Nuclear",206.31221,"206 Million MWh<br>0 lb/MWh","2017 Q4"
"Nuclear",206.471726,"206 Million MWh<br>0 lb/MWh","2018 Q1"
"Nuclear",196.140959,"196 Million MWh<br>0 lb/MWh","2018 Q2"
"Nuclear",209.463229,"209 Million MWh<br>0 lb/MWh","2018 Q3"
"Nuclear",195.008563,"195 Million MWh<br>0 lb/MWh","2018 Q4"
"Nuclear",203.495429,"203 Million MWh<br>0 lb/MWh","2019 Q1"
"Nuclear",196.509352,"196 Million MWh<br>0 lb/MWh","2019 Q2"
"Nuclear",210.172859,"210 Million MWh<br>0 lb/MWh","2019 Q3"
"Nuclear",199.231622,"199 Million MWh<br>0 lb/MWh","2019 Q4"
"Nuclear",204.07743,"204 Million MWh<br>0 lb/MWh","2020 Q1"
"Nuclear",190.713069,"190 Million MWh<br>0 lb/MWh","2020 Q2"
"Nuclear",204.094944,"204 Million MWh<br>0 lb/MWh","2020 Q3"
"Nuclear",190.99342,"190 Million MWh<br>0 lb/MWh","2020 Q4"
"Nuclear",198.394861,"198 Million MWh<br>0 lb/MWh","2021 Q1"
"Nuclear",186.556512,"186 Million MWh<br>0 lb/MWh","2021 Q2"
"Nuclear",202.786467,"202 Million MWh<br>0 lb/MWh","2021 Q3"
"Other",43.06623202,"43 Million MWh<br>2,053 lb/MWh","2001 Q1"
"Other",36.01376192,"36 Million MWh<br>2,096 lb/MWh","2001 Q2"
"Other",35.557502039999996,"35 Million MWh<br>2,096 lb/MWh","2001 Q3"
"Other",22.24185705,"22 Million MWh<br>2,114 lb/MWh","2001 Q4"
"Other",24.099867460000002,"24 Million MWh<br>2,325 lb/MWh","2002 Q1"
"Other",27.72987868,"27 Million MWh<br>2,283 lb/MWh","2002 Q2"
"Other",32.14235519,"32 Million MWh<br>2,277 lb/MWh","2002 Q3"
"Other",26.57999127,"26 Million MWh<br>2,284 lb/MWh","2002 Q4"
"Other",37.95140272,"37 Million MWh<br>2,050 lb/MWh","2003 Q1"
"Other",32.73615725,"32 Million MWh<br>2,051 lb/MWh","2003 Q2"
"Other",39.04919854,"39 Million MWh<br>2,010 lb/MWh","2003 Q3"
"Other",30.70420618,"30 Million MWh<br>2,044 lb/MWh","2003 Q4"
"Other",39.41413664999999,"39 Million MWh<br>2,016 lb/MWh","2004 Q1"
"Other",35.593739060000004,"35 Million MWh<br>2,045 lb/MWh","2004 Q2"
"Other",37.093509049999994,"37 Million MWh<br>2,060 lb/MWh","2004 Q3"
"Other",30.003806920000002,"30 Million MWh<br>2,039 lb/MWh","2004 Q4"
"Other",32.76452002,"32 Million MWh<br>2,021 lb/MWh","2005 Q1"
"Other",29.769604649999998,"29 Million MWh<br>2,028 lb/MWh","2005 Q2"
"Other",44.80892226000001,"44 Million MWh<br>2,016 lb/MWh","2005 Q3"
"Other",34.38334239,"34 Million MWh<br>2,047 lb/MWh","2005 Q4"
"Other",20.323396170000002,"20 Million MWh<br>2,146 lb/MWh","2006 Q1"
"Other",20.31785186,"20 Million MWh<br>2,146 lb/MWh","2006 Q2"
"Other",24.994275669999993,"24 Million MWh<br>2,171 lb/MWh","2006 Q3"
"Other",19.042788320000003,"19 Million MWh<br>2,159 lb/MWh","2006 Q4"
"Other",25.14319174,"25 Million MWh<br>2,061 lb/MWh","2007 Q1"
"Other",20.797345489999998,"20 Million MWh<br>2,156 lb/MWh","2007 Q2"
"Other",22.089586410000003,"22 Million MWh<br>2,198 lb/MWh","2007 Q3"
"Other",16.421736650000003,"16 Million MWh<br>2,275 lb/MWh","2007 Q4"
"Other",15.518638939999997,"15 Million MWh<br>2,296 lb/MWh","2008 Q1"
"Other",16.96385856,"16 Million MWh<br>2,197 lb/MWh","2008 Q2"
"Other",16.408818910000004,"16 Million MWh<br>2,365 lb/MWh","2008 Q3"
"Other",14.501458930000004,"14 Million MWh<br>2,224 lb/MWh","2008 Q4"
"Other",16.751724349999996,"16 Million MWh<br>2,108 lb/MWh","2009 Q1"
"Other",13.869058759999998,"13 Million MWh<br>2,100 lb/MWh","2009 Q2"
"Other",14.47582466,"14 Million MWh<br>2,243 lb/MWh","2009 Q3"
"Other",11.73750463,"11 Million MWh<br>2,217 lb/MWh","2009 Q4"
"Other",13.61866848,"13 Million MWh<br>2,206 lb/MWh","2010 Q1"
"Other",14.055546119999999,"14 Million MWh<br>2,277 lb/MWh","2010 Q2"
"Other",15.499405309999995,"15 Million MWh<br>2,221 lb/MWh","2010 Q3"
"Other",12.35453255,"12 Million MWh<br>2,242 lb/MWh","2010 Q4"
"Other",13.124141710000002,"13 Million MWh<br>2,220 lb/MWh","2011 Q1"
"Other",12.301932079999998,"12 Million MWh<br>2,250 lb/MWh","2011 Q2"
"Other",12.94603036,"12 Million MWh<br>2,403 lb/MWh","2011 Q3"
"Other",10.94383724,"10 Million MWh<br>2,352 lb/MWh","2011 Q4"
"Other",11.53015064,"11 Million MWh<br>2,325 lb/MWh","2012 Q1"
"Other",10.62306191,"10 Million MWh<br>2,397 lb/MWh","2012 Q2"
"Other",11.245098070000001,"11 Million MWh<br>2,440 lb/MWh","2012 Q3"
"Other",10.454570930000003,"10 Million MWh<br>2,413 lb/MWh","2012 Q4"
"Other",11.93643383,"11 Million MWh<br>2,350 lb/MWh","2013 Q1"
"Other",12.06010241,"12 Million MWh<br>2,390 lb/MWh","2013 Q2"
"Other",13.174678990000002,"13 Million MWh<br>2,387 lb/MWh","2013 Q3"
"Other",11.69301043,"11 Million MWh<br>2,365 lb/MWh","2013 Q4"
"Other",17.56640657,"17 Million MWh<br>2,148 lb/MWh","2014 Q1"
"Other",10.178336119999999,"10 Million MWh<br>2,560 lb/MWh","2014 Q2"
"Other",10.985932589999999,"10 Million MWh<br>2,556 lb/MWh","2014 Q3"
"Other",10.66623163,"10 Million MWh<br>2,409 lb/MWh","2014 Q4"
"Other",16.138839830000002,"16 Million MWh<br>2,121 lb/MWh","2015 Q1"
"Other",11.187124190000004,"11 Million MWh<br>2,238 lb/MWh","2015 Q2"
"Other",12.18273484,"12 Million MWh<br>2,331 lb/MWh","2015 Q3"
"Other",10.696552550000002,"10 Million MWh<br>2,164 lb/MWh","2015 Q4"
"Other",11.99939518,"11 Million MWh<br>2,024 lb/MWh","2016 Q1"
"Other",11.20103211,"11 Million MWh<br>2,138 lb/MWh","2016 Q2"
"Other",10.96621253,"10 Million MWh<br>2,365 lb/MWh","2016 Q3"
"Other",9.847535039999999,"9 Million MWh<br>2,275 lb/MWh","2016 Q4"
"Other",10.03845342,"10 Million MWh<br>2,182 lb/MWh","2017 Q1"
"Other",9.83763503,"9 Million MWh<br>2,173 lb/MWh","2017 Q2"
"Other",9.85442656,"9 Million MWh<br>2,266 lb/MWh","2017 Q3"
"Other",10.639707259999998,"10 Million MWh<br>2,129 lb/MWh","2017 Q4"
"Other",14.755669039999999,"14 Million MWh<br>2,007 lb/MWh","2018 Q1"
"Other",10.35449933,"10 Million MWh<br>2,184 lb/MWh","2018 Q2"
"Other",10.52411702,"10 Million MWh<br>2,338 lb/MWh","2018 Q3"
"Other",10.121846289999999,"10 Million MWh<br>2,165 lb/MWh","2018 Q4"
"Other",10.32051654,"10 Million MWh<br>2,144 lb/MWh","2019 Q1"
"Other",9.762910289999999,"9 Million MWh<br>2,168 lb/MWh","2019 Q2"
"Other",10.111393119999999,"10 Million MWh<br>2,338 lb/MWh","2019 Q3"
"Other",8.80637106,"8 Million MWh<br>2,227 lb/MWh","2019 Q4"
"Other",9.76679668,"9 Million MWh<br>2,195 lb/MWh","2020 Q1"
"Other",8.6941461,"8 Million MWh<br>2,247 lb/MWh","2020 Q2"
"Other",8.88518923,"8 Million MWh<br>2,484 lb/MWh","2020 Q3"
"Other",9.338739849999998,"9 Million MWh<br>2,204 lb/MWh","2020 Q4"
"Other",9.73624752,"9 Million MWh<br>2,038 lb/MWh","2021 Q1"
"Other",8.346575790000001,"8 Million MWh<br>2,106 lb/MWh","2021 Q2"
"Other",8.942892010000001,"8 Million MWh<br>2,327 lb/MWh","2021 Q3"
"Other Renewables",15.72731302,"15 Million MWh<br>39 lb/MWh","2001 Q1"
"Other Renewables",15.328917119999996,"15 Million MWh<br>37 lb/MWh","2001 Q2"
"Other Renewables",16.36288599,"16 Million MWh<br>37 lb/MWh","2001 Q3"
"Other Renewables",16.069441989999998,"16 Million MWh<br>38 lb/MWh","2001 Q4"
"Other Renewables",16.29608555,"16 Million MWh<br>39 lb/MWh","2002 Q1"
"Other Renewables",16.94080834,"16 Million MWh<br>36 lb/MWh","2002 Q2"
"Other Renewables",17.86636181,"17 Million MWh<br>36 lb/MWh","2002 Q3"
"Other Renewables",17.09680475,"17 Million MWh<br>37 lb/MWh","2002 Q4"
"Other Renewables",16.6858963,"16 Million MWh<br>38 lb/MWh","2003 Q1"
"Other Renewables",16.45926978,"16 Million MWh<br>38 lb/MWh","2003 Q2"
"Other Renewables",17.491963469999998,"17 Million MWh<br>37 lb/MWh","2003 Q3"
"Other Renewables",17.12820983,"17 Million MWh<br>37 lb/MWh","2003 Q4"
"Other Renewables",16.988864030000002,"16 Million MWh<br>35 lb/MWh","2004 Q1"
"Other Renewables",16.712501810000003,"16 Million MWh<br>33 lb/MWh","2004 Q2"
"Other Renewables",17.469973739999997,"17 Million MWh<br>33 lb/MWh","2004 Q3"
"Other Renewables",17.17708801,"17 Million MWh<br>34 lb/MWh","2004 Q4"
"Other Renewables",16.875182270000003,"16 Million MWh<br>35 lb/MWh","2005 Q1"
"Other Renewables",16.912075480000002,"16 Million MWh<br>37 lb/MWh","2005 Q2"
"Other Renewables",17.858043509999998,"17 Million MWh<br>35 lb/MWh","2005 Q3"
"Other Renewables",17.323253619999992,"17 Million MWh<br>36 lb/MWh","2005 Q4"
"Other Renewables",17.27895983,"17 Million MWh<br>35 lb/MWh","2006 Q1"
"Other Renewables",16.503346799999996,"16 Million MWh<br>34 lb/MWh","2006 Q2"
"Other Renewables",18.04774718,"18 Million MWh<br>35 lb/MWh","2006 Q3"
"Other Renewables",17.59859606,"17 Million MWh<br>35 lb/MWh","2006 Q4"
"Other Renewables",17.22316277,"17 Million MWh<br>35 lb/MWh","2007 Q1"
"Other Renewables",16.89534414,"16 Million MWh<br>35 lb/MWh","2007 Q2"
"Other Renewables",18.15491851,"18 Million MWh<br>34 lb/MWh","2007 Q3"
"Other Renewables",17.902365979999995,"17 Million MWh<br>34 lb/MWh","2007 Q4"
"Other Renewables",17.26092324,"17 Million MWh<br>34 lb/MWh","2008 Q1"
"Other Renewables",17.188676049999994,"17 Million MWh<br>36 lb/MWh","2008 Q2"
"Other Renewables",18.078093539999998,"18 Million MWh<br>35 lb/MWh","2008 Q3"
"Other Renewables",17.34589573,"17 Million MWh<br>36 lb/MWh","2008 Q4"
"Other Renewables",16.901771720000006,"16 Million MWh<br>36 lb/MWh","2009 Q1"
"Other Renewables",16.68554124,"16 Million MWh<br>36 lb/MWh","2009 Q2"
"Other Renewables",18.09984701,"18 Million MWh<br>34 lb/MWh","2009 Q3"
"Other Renewables",17.814232760000003,"17 Million MWh<br>35 lb/MWh","2009 Q4"
"Other Renewables",17.36515241,"17 Million MWh<br>35 lb/MWh","2010 Q1"
"Other Renewables",17.49476532,"17 Million MWh<br>36 lb/MWh","2010 Q2"
"Other Renewables",18.46402006,"18 Million MWh<br>34 lb/MWh","2010 Q3"
"Other Renewables",17.984642259999998,"17 Million MWh<br>35 lb/MWh","2010 Q4"
"Other Renewables",17.713481690000002,"17 Million MWh<br>36 lb/MWh","2011 Q1"
"Other Renewables",17.29091859,"17 Million MWh<br>36 lb/MWh","2011 Q2"
"Other Renewables",18.66459404,"18 Million MWh<br>33 lb/MWh","2011 Q3"
"Other Renewables",18.317904149999997,"18 Million MWh<br>34 lb/MWh","2011 Q4"
"Other Renewables",17.9294446,"17 Million MWh<br>33 lb/MWh","2012 Q1"
"Other Renewables",17.400633059999997,"17 Million MWh<br>35 lb/MWh","2012 Q2"
"Other Renewables",18.946922180000005,"18 Million MWh<br>33 lb/MWh","2012 Q3"
"Other Renewables",18.89818218,"18 Million MWh<br>34 lb/MWh","2012 Q4"
"Other Renewables",18.72719189,"18 Million MWh<br>34 lb/MWh","2013 Q1"
"Other Renewables",18.416126780000003,"18 Million MWh<br>33 lb/MWh","2013 Q2"
"Other Renewables",19.84273249,"19 Million MWh<br>32 lb/MWh","2013 Q3"
"Other Renewables",19.64665004,"19 Million MWh<br>32 lb/MWh","2013 Q4"
"Other Renewables",19.78453437,"19 Million MWh<br>31 lb/MWh","2014 Q1"
"Other Renewables",19.56513171,"19 Million MWh<br>32 lb/MWh","2014 Q2"
"Other Renewables",20.58022665,"20 Million MWh<br>31 lb/MWh","2014 Q3"
"Other Renewables",19.931877800000002,"19 Million MWh<br>33 lb/MWh","2014 Q4"
"Other Renewables",19.521810440000003,"19 Million MWh<br>33 lb/MWh","2015 Q1"
"Other Renewables",19.35159422,"19 Million MWh<br>32 lb/MWh","2015 Q2"
"Other Renewables",20.65009081,"20 Million MWh<br>30 lb/MWh","2015 Q3"
"Other Renewables",19.98997877,"19 Million MWh<br>32 lb/MWh","2015 Q4"
"Other Renewables",19.599002470000006,"19 Million MWh<br>31 lb/MWh","2016 Q1"
"Other Renewables",18.87116064,"18 Million MWh<br>31 lb/MWh","2016 Q2"
"Other Renewables",20.19398975,"20 Million MWh<br>31 lb/MWh","2016 Q3"
"Other Renewables",19.86934128,"19 Million MWh<br>33 lb/MWh","2016 Q4"
"Other Renewables",19.604742260000002,"19 Million MWh<br>32 lb/MWh","2017 Q1"
"Other Renewables",19.07731186,"19 Million MWh<br>32 lb/MWh","2017 Q2"
"Other Renewables",20.15385789,"20 Million MWh<br>32 lb/MWh","2017 Q3"
"Other Renewables",19.77710788,"19 Million MWh<br>30 lb/MWh","2017 Q4"
"Other Renewables",19.789618760000003,"19 Million MWh<br>31 lb/MWh","2018 Q1"
"Other Renewables",18.95782684,"18 Million MWh<br>32 lb/MWh","2018 Q2"
"Other Renewables",19.808517160000005,"19 Million MWh<br>32 lb/MWh","2018 Q3"
"Other Renewables",19.18653431,"19 Million MWh<br>32 lb/MWh","2018 Q4"
"Other Renewables",18.61020616,"18 Million MWh<br>33 lb/MWh","2019 Q1"
"Other Renewables",17.581920909999997,"17 Million MWh<br>34 lb/MWh","2019 Q2"
"Other Renewables",19.152277719999997,"19 Million MWh<br>33 lb/MWh","2019 Q3"
"Other Renewables",17.580138040000005,"17 Million MWh<br>28 lb/MWh","2019 Q4"
"Other Renewables",18.25280701,"18 Million MWh<br>31 lb/MWh","2020 Q1"
"Other Renewables",17.189164799999993,"17 Million MWh<br>35 lb/MWh","2020 Q2"
"Other Renewables",17.58974841,"17 Million MWh<br>34 lb/MWh","2020 Q3"
"Other Renewables",17.506134600000003,"17 Million MWh<br>35 lb/MWh","2020 Q4"
"Other Renewables",17.934556810000004,"17 Million MWh<br>17 lb/MWh","2021 Q1"
"Other Renewables",17.57226952,"17 Million MWh<br>18 lb/MWh","2021 Q2"
"Other Renewables",18.20929004,"18 Million MWh<br>18 lb/MWh","2021 Q3"
"Solar",0.050566,"0 Million MWh<br>0 lb/MWh","2001 Q1"
"Solar",0.210955,"0 Million MWh<br>0 lb/MWh","2001 Q2"
"Solar",0.242096,"0 Million MWh<br>0 lb/MWh","2001 Q3"
"Solar",0.039138,"0 Million MWh<br>0 lb/MWh","2001 Q4"
"Solar",0.079282,"0 Million MWh<br>0 lb/MWh","2002 Q1"
"Solar",0.199041,"0 Million MWh<br>0 lb/MWh","2002 Q2"
"Solar",0.21307,"0 Million MWh<br>0 lb/MWh","2002 Q3"
"Solar",0.063438,"0 Million MWh<br>0 lb/MWh","2002 Q4"
"Solar",0.08107436999999999,"0 Million MWh<br>0 lb/MWh","2003 Q1"
"Solar",0.218953,"0 Million MWh<br>0 lb/MWh","2003 Q2"
"Solar",0.180256,"0 Million MWh<br>0 lb/MWh","2003 Q3"
"Solar",0.053718,"0 Million MWh<br>0 lb/MWh","2003 Q4"
"Solar",0.07640075,"0 Million MWh<br>0 lb/MWh","2004 Q1"
"Solar",0.22655361999999998,"0 Million MWh<br>0 lb/MWh","2004 Q2"
"Solar",0.21558022,"0 Million MWh<br>0 lb/MWh","2004 Q3"
"Solar",0.05662042,"0 Million MWh<br>0 lb/MWh","2004 Q4"
"Solar",0.05990617,"0 Million MWh<br>0 lb/MWh","2005 Q1"
"Solar",0.22789220999999998,"0 Million MWh<br>0 lb/MWh","2005 Q2"
"Solar",0.20928219,"0 Million MWh<br>0 lb/MWh","2005 Q3"
"Solar",0.053213769999999994,"0 Million MWh<br>0 lb/MWh","2005 Q4"
"Solar",0.06587198999999999,"0 Million MWh<br>0 lb/MWh","2006 Q1"
"Solar",0.19251151,"0 Million MWh<br>0 lb/MWh","2006 Q2"
"Solar",0.19863929,"0 Million MWh<br>0 lb/MWh","2006 Q3"
"Solar",0.05068322,"0 Million MWh<br>0 lb/MWh","2006 Q4"
"Solar",0.08057405000000001,"0 Million MWh<br>0 lb/MWh","2007 Q1"
"Solar",0.22311438,"0 Million MWh<br>0 lb/MWh","2007 Q2"
"Solar",0.22916860000000003,"0 Million MWh<br>0 lb/MWh","2007 Q3"
"Solar",0.07893599,"0 Million MWh<br>0 lb/MWh","2007 Q4"
"Solar",0.12673054,"0 Million MWh<br>0 lb/MWh","2008 Q1"
"Solar",0.32104859,"0 Million MWh<br>0 lb/MWh","2008 Q2"
"Solar",0.30875709,"0 Million MWh<br>0 lb/MWh","2008 Q3"
"Solar",0.10777858,"0 Million MWh<br>0 lb/MWh","2008 Q4"
"Solar",0.11574081,"0 Million MWh<br>0 lb/MWh","2009 Q1"
"Solar",0.31325330000000007,"0 Million MWh<br>0 lb/MWh","2009 Q2"
"Solar",0.33247296000000004,"0 Million MWh<br>0 lb/MWh","2009 Q3"
"Solar",0.12971246,"0 Million MWh<br>0 lb/MWh","2009 Q4"
"Solar",0.11868948,"0 Million MWh<br>0 lb/MWh","2010 Q1"
"Solar",0.4415043000000001,"0 Million MWh<br>0 lb/MWh","2010 Q2"
"Solar",0.4553554,"0 Million MWh<br>0 lb/MWh","2010 Q3"
"Solar",0.19663248000000003,"0 Million MWh<br>0 lb/MWh","2010 Q4"
"Solar",0.24737977,"0 Million MWh<br>0 lb/MWh","2011 Q1"
"Solar",0.5774484799999999,"0 Million MWh<br>0 lb/MWh","2011 Q2"
"Solar",0.60598414,"0 Million MWh<br>0 lb/MWh","2011 Q3"
"Solar",0.38688340000000004,"0 Million MWh<br>0 lb/MWh","2011 Q4"
"Solar",0.46149172999999993,"0 Million MWh<br>0 lb/MWh","2012 Q1"
"Solar",1.30429914,"1 Million MWh<br>0 lb/MWh","2012 Q2"
"Solar",1.4229545499999996,"1 Million MWh<br>0 lb/MWh","2012 Q3"
"Solar",1.12002764,"1 Million MWh<br>0 lb/MWh","2012 Q4"
"Solar",1.36186554,"1 Million MWh<br>0 lb/MWh","2013 Q1"
"Solar",2.29013035,"2 Million MWh<br>0 lb/MWh","2013 Q2"
"Solar",2.721717680000001,"2 Million MWh<br>0 lb/MWh","2013 Q3"
"Solar",2.66190695,"2 Million MWh<br>0 lb/MWh","2013 Q4"
"Solar",5.09148079,"5 Million MWh<br>0 lb/MWh","2014 Q1"
"Solar",8.332216209999999,"8 Million MWh<br>0 lb/MWh","2014 Q2"
"Solar",8.824695049999997,"8 Million MWh<br>0 lb/MWh","2014 Q3"
"Solar",6.644781520000001,"6 Million MWh<br>0 lb/MWh","2014 Q4"
"Solar",7.37793024,"7 Million MWh<br>0 lb/MWh","2015 Q1"
"Solar",11.46735731,"11 Million MWh<br>0 lb/MWh","2015 Q2"
"Solar",11.77922732,"11 Million MWh<br>0 lb/MWh","2015 Q3"
"Solar",8.27485055,"8 Million MWh<br>0 lb/MWh","2015 Q4"
"Solar",9.972423079999999,"9 Million MWh<br>0 lb/MWh","2016 Q1"
"Solar",15.221929600000005,"15 Million MWh<br>0 lb/MWh","2016 Q2"
"Solar",17.163262539999998,"17 Million MWh<br>0 lb/MWh","2016 Q3"
"Solar",12.306929890000001,"12 Million MWh<br>0 lb/MWh","2016 Q4"
"Solar",14.178585709999995,"14 Million MWh<br>0 lb/MWh","2017 Q1"
"Solar",23.89288104,"23 Million MWh<br>0 lb/MWh","2017 Q2"
"Solar",23.1956765,"23 Million MWh<br>0 lb/MWh","2017 Q3"
"Solar",15.8495778,"15 Million MWh<br>0 lb/MWh","2017 Q4"
"Solar",18.07516155,"18 Million MWh<br>0 lb/MWh","2018 Q1"
"Solar",29.10686960000001,"29 Million MWh<br>0 lb/MWh","2018 Q2"
"Solar",28.224271719999997,"28 Million MWh<br>0 lb/MWh","2018 Q3"
"Solar",17.854965370000006,"17 Million MWh<br>0 lb/MWh","2018 Q4"
"Solar",20.16725386,"20 Million MWh<br>0 lb/MWh","2019 Q1"
"Solar",32.24927431000001,"32 Million MWh<br>0 lb/MWh","2019 Q2"
"Solar",33.28376851000001,"33 Million MWh<br>0 lb/MWh","2019 Q3"
"Solar",20.92754111,"20 Million MWh<br>0 lb/MWh","2019 Q4"
"Solar",24.69860915,"24 Million MWh<br>0 lb/MWh","2020 Q1"
"Solar",39.538137770000006,"39 Million MWh<br>0 lb/MWh","2020 Q2"
"Solar",39.882554490000004,"39 Million MWh<br>0 lb/MWh","2020 Q3"
"Solar",26.32739574,"26 Million MWh<br>0 lb/MWh","2020 Q4"
"Solar",31.085105980000005,"31 Million MWh<br>0 lb/MWh","2021 Q1"
"Solar",49.5714621,"49 Million MWh<br>0 lb/MWh","2021 Q2"
"Solar",49.14544778,"49 Million MWh<br>0 lb/MWh","2021 Q3"
"Wind",1.352612,"1 Million MWh<br>0 lb/MWh","2001 Q1"
"Wind",1.989359,"1 Million MWh<br>0 lb/MWh","2001 Q2"
"Wind",1.702427,"1 Million MWh<br>0 lb/MWh","2001 Q3"
"Wind",1.692934,"1 Million MWh<br>0 lb/MWh","2001 Q4"
"Wind",2.377435,"2 Million MWh<br>0 lb/MWh","2002 Q1"
"Wind",3.228372,"3 Million MWh<br>0 lb/MWh","2002 Q2"
"Wind",2.602975,"2 Million MWh<br>0 lb/MWh","2002 Q3"
"Wind",2.145497,"2 Million MWh<br>0 lb/MWh","2002 Q4"
"Wind",2.413819,"2 Million MWh<br>0 lb/MWh","2003 Q1"
"Wind",3.146296,"3 Million MWh<br>0 lb/MWh","2003 Q2"
"Wind",2.663881,"2 Million MWh<br>0 lb/MWh","2003 Q3"
"Wind",2.963477,"2 Million MWh<br>0 lb/MWh","2003 Q4"
"Wind",3.31223818,"3 Million MWh<br>0 lb/MWh","2004 Q1"
"Wind",4.393714039999999,"4 Million MWh<br>0 lb/MWh","2004 Q2"
"Wind",3.30470415,"3 Million MWh<br>0 lb/MWh","2004 Q3"
"Wind",3.1330843799999997,"3 Million MWh<br>0 lb/MWh","2004 Q4"
"Wind",3.6586759300000002,"3 Million MWh<br>0 lb/MWh","2005 Q1"
"Wind",5.240857620000001,"5 Million MWh<br>0 lb/MWh","2005 Q2"
"Wind",4.02732033,"4 Million MWh<br>0 lb/MWh","2005 Q3"
"Wind",4.883695230000001,"4 Million MWh<br>0 lb/MWh","2005 Q4"
"Wind",6.663223550000001,"6 Million MWh<br>0 lb/MWh","2006 Q1"
"Wind",6.982210530000001,"6 Million MWh<br>0 lb/MWh","2006 Q2"
"Wind",5.489394909999998,"5 Million MWh<br>0 lb/MWh","2006 Q3"
"Wind",7.45430808,"7 Million MWh<br>0 lb/MWh","2006 Q4"
"Wind",8.01919995,"8 Million MWh<br>0 lb/MWh","2007 Q1"
"Wind",8.74446026,"8 Million MWh<br>0 lb/MWh","2007 Q2"
"Wind",7.724458700000001,"7 Million MWh<br>0 lb/MWh","2007 Q3"
"Wind",9.961808619999996,"9 Million MWh<br>0 lb/MWh","2007 Q4"
"Wind",12.90695409,"12 Million MWh<br>0 lb/MWh","2008 Q1"
"Wind",15.705942369999999,"15 Million MWh<br>0 lb/MWh","2008 Q2"
"Wind",10.384258630000001,"10 Million MWh<br>0 lb/MWh","2008 Q3"
"Wind",16.36594516,"16 Million MWh<br>0 lb/MWh","2008 Q4"
"Wind",18.902062609999998,"18 Million MWh<br>0 lb/MWh","2009 Q1"
"Wind",19.31907911,"19 Million MWh<br>0 lb/MWh","2009 Q2"
"Wind",15.070122830000003,"15 Million MWh<br>0 lb/MWh","2009 Q3"
"Wind",20.594867340000004,"20 Million MWh<br>0 lb/MWh","2009 Q4"
"Wind",20.87527139,"20 Million MWh<br>0 lb/MWh","2010 Q1"
"Wind",26.509856199999998,"26 Million MWh<br>0 lb/MWh","2010 Q2"
"Wind",20.514117600000002,"20 Million MWh<br>0 lb/MWh","2010 Q3"
"Wind",26.750724099999996,"26 Million MWh<br>0 lb/MWh","2010 Q4"
"Wind",29.54670275,"29 Million MWh<br>0 lb/MWh","2011 Q1"
"Wind",35.178886739999996,"35 Million MWh<br>0 lb/MWh","2011 Q2"
"Wind",21.83125243,"21 Million MWh<br>0 lb/MWh","2011 Q3"
"Wind",33.61975689,"33 Million MWh<br>0 lb/MWh","2011 Q4"
"Wind",38.708830909999996,"38 Million MWh<br>0 lb/MWh","2012 Q1"
"Wind",37.22151643,"37 Million MWh<br>0 lb/MWh","2012 Q2"
"Wind",26.0823675,"26 Million MWh<br>0 lb/MWh","2012 Q3"
"Wind",38.79669804000001,"38 Million MWh<br>0 lb/MWh","2012 Q4"
"Wind",44.56974831,"44 Million MWh<br>0 lb/MWh","2013 Q1"
"Wind",47.46308222,"47 Million MWh<br>0 lb/MWh","2013 Q2"
"Wind",32.40157847000001,"32 Million MWh<br>0 lb/MWh","2013 Q3"
"Wind",43.405336680000005,"43 Million MWh<br>0 lb/MWh","2013 Q4"
"Wind",49.655757689999994,"49 Million MWh<br>0 lb/MWh","2014 Q1"
"Wind",50.03573317000001,"50 Million MWh<br>0 lb/MWh","2014 Q2"
"Wind",33.877681650000014,"33 Million MWh<br>0 lb/MWh","2014 Q3"
"Wind",48.08610941,"48 Million MWh<br>0 lb/MWh","2014 Q4"
"Wind",45.391620610000004,"45 Million MWh<br>0 lb/MWh","2015 Q1"
"Wind",48.439756810000006,"48 Million MWh<br>0 lb/MWh","2015 Q2"
"Wind",40.7270435,"40 Million MWh<br>0 lb/MWh","2015 Q3"
"Wind",56.16012697999999,"56 Million MWh<br>0 lb/MWh","2015 Q4"
"Wind",60.544038750000006,"60 Million MWh<br>0 lb/MWh","2016 Q1"
"Wind",55.950643490000004,"55 Million MWh<br>0 lb/MWh","2016 Q2"
"Wind",47.61132349000001,"47 Million MWh<br>0 lb/MWh","2016 Q3"
"Wind",62.886556719999994,"62 Million MWh<br>0 lb/MWh","2016 Q4"
"Wind",68.62049704,"68 Million MWh<br>0 lb/MWh","2017 Q1"
"Wind",68.58732850999999,"68 Million MWh<br>0 lb/MWh","2017 Q2"
"Wind",47.91061908999999,"47 Million MWh<br>0 lb/MWh","2017 Q3"
"Wind",69.18425072,"69 Million MWh<br>0 lb/MWh","2017 Q4"
"Wind",75.25201539,"75 Million MWh<br>0 lb/MWh","2018 Q1"
"Wind",75.08684089999997,"75 Million MWh<br>0 lb/MWh","2018 Q2"
"Wind",54.81268205,"54 Million MWh<br>0 lb/MWh","2018 Q3"
"Wind",67.51591565000001,"67 Million MWh<br>0 lb/MWh","2018 Q4"
"Wind",72.69688144999999,"72 Million MWh<br>0 lb/MWh","2019 Q1"
"Wind",77.14066349000001,"77 Million MWh<br>0 lb/MWh","2019 Q2"
"Wind",66.59222067,"66 Million MWh<br>0 lb/MWh","2019 Q3"
"Wind",79.45414011000001,"79 Million MWh<br>0 lb/MWh","2019 Q4"
"Wind",86.5516889,"86 Million MWh<br>0 lb/MWh","2020 Q1"
"Wind",88.34213956,"88 Million MWh<br>0 lb/MWh","2020 Q2"
"Wind",69.08150768,"69 Million MWh<br>0 lb/MWh","2020 Q3"
"Wind",93.96271303,"93 Million MWh<br>0 lb/MWh","2020 Q4"
"Wind",97.23399815000003,"97 Million MWh<br>0 lb/MWh","2021 Q1"
"Wind",96.31687354,"96 Million MWh<br>0 lb/MWh","2021 Q2"
"Wind",76.95169555,"76 Million MWh<br>0 lb/MWh","2021 Q3"
"Total",916.13065604,"916 Million MWh","2001 Q1"
"Total",906.2572930399999,"906 Million MWh","2001 Q2"
"Total",1035.00369903,"1,035 Million MWh","2001 Q3"
"Total",879.12876304,"879 Million MWh","2001 Q4"
"Total",904.30110301,"904 Million MWh","2002 Q1"
"Total",938.49274402,"938 Million MWh","2002 Q2"
"Total",1087.217143,"1,087 Million MWh","2002 Q3"
"Total",928.17928502,"928 Million MWh","2002 Q4"
"Total",945.5193753899999,"945 Million MWh","2003 Q1"
"Total",921.98835203,"921 Million MWh","2003 Q2"
"Total",1079.31320801,"1,079 Million MWh","2003 Q3"
"Total",936.29015401,"936 Million MWh","2003 Q4"
"Total",969.61943421,"969 Million MWh","2004 Q1"
"Total",963.0169915599998,"963 Million MWh","2004 Q2"
"Total",1081.3856460300003,"1,081 Million MWh","2004 Q3"
"Total",956.4967044899998,"956 Million MWh","2004 Q4"
"Total",959.0788314499998,"959 Million MWh","2005 Q1"
"Total",968.25501888,"968 Million MWh","2005 Q2"
"Total",1157.26258721,"1,157 Million MWh","2005 Q3"
"Total",970.60027052,"970 Million MWh","2005 Q4"
"Total",954.7174713799999,"954 Million MWh","2006 Q1"
"Total",992.72784632,"992 Million MWh","2006 Q2"
"Total",1150.1688637600002,"1,150 Million MWh","2006 Q3"
"Total",967.00657973,"967 Million MWh","2006 Q4"
"Total",997.23080776,"997 Million MWh","2007 Q1"
"Total",996.0731903999999,"996 Million MWh","2007 Q2"
"Total",1170.35959515,"1,170 Million MWh","2007 Q3"
"Total",993.00588203,"993 Million MWh","2007 Q4"
"Total",1012.7292202100001,"1,012 Million MWh","2008 Q1"
"Total",1004.1687414299998,"1,004 Million MWh","2008 Q2"
"Total",1129.9283855500003,"1,129 Million MWh","2008 Q3"
"Total",972.4890984699999,"972 Million MWh","2008 Q4"
"Total",966.4743203599999,"966 Million MWh","2009 Q1"
"Total",948.4926883200001,"948 Million MWh","2009 Q2"
"Total",1081.1465208400002,"1,081 Million MWh","2009 Q3"
"Total",954.1819006300001,"954 Million MWh","2009 Q4"
"Total",992.8555486100001,"992 Million MWh","2010 Q1"
"Total",991.3923515899999,"991 Million MWh","2010 Q2"
"Total",1164.5630779800001,"1,164 Million MWh","2010 Q3"
"Total",976.04065547,"976 Million MWh","2010 Q4"
"Total",994.69250547,"994 Million MWh","2011 Q1"
"Total",993.70178035,"993 Million MWh","2011 Q2"
"Total",1163.0095646399998,"1,163 Million MWh","2011 Q3"
"Total",948.50029123,"948 Million MWh","2011 Q4"
"Total",957.98070889,"957 Million MWh","2012 Q1"
"Total",992.5271434199997,"992 Million MWh","2012 Q2"
"Total",1144.8806766199998,"1,144 Million MWh","2012 Q3"
"Total",952.20392192,"952 Million MWh","2012 Q4"
"Total",984.0505486399999,"984 Million MWh","2013 Q1"
"Total",978.28662661,"978 Million MWh","2013 Q2"
"Total",1121.04713197,"1,121 Million MWh","2013 Q3"
"Total",982.4542659200001,"982 Million MWh","2013 Q4"
"Total",1035.55840964,"1,035 Million MWh","2014 Q1"
"Total",983.30446948,"983 Million MWh","2014 Q2"
"Total",1113.2907266500004,"1,113 Million MWh","2014 Q3"
"Total",972.4378278199997,"972 Million MWh","2014 Q4"
"Total",1021.74363131,"1,021 Million MWh","2015 Q1"
"Total",982.6245643700001,"982 Million MWh","2015 Q2"
"Total",1146.86140884,"1,146 Million MWh","2015 Q3"
"Total",940.2171901899998,"940 Million MWh","2015 Q4"
"Total",974.38756386,"974 Million MWh","2016 Q1"
"Total",982.8670713500001,"982 Million MWh","2016 Q2"
"Total",1178.6495223299999,"1,178 Million MWh","2016 Q3"
"Total",959.2396070299999,"959 Million MWh","2016 Q4"
"Total",959.2622162700001,"959 Million MWh","2017 Q1"
"Total",984.37916731,"984 Million MWh","2017 Q2"
"Total",1132.24577211,"1,132 Million MWh","2017 Q3"
"Total",982.0561314299999,"982 Million MWh","2017 Q4"
"Total",1007.4516073199998,"1,007 Million MWh","2018 Q1"
"Total",1020.3563564299999,"1,020 Million MWh","2018 Q2"
"Total",1184.36875568,"1,184 Million MWh","2018 Q3"
"Total",995.42546661,"995 Million MWh","2018 Q4"
"Total",1008.0043930799999,"1,008 Million MWh","2019 Q1"
"Total",990.3982144000001,"990 Million MWh","2019 Q2"
"Total",1182.4023152500001,"1,182 Million MWh","2019 Q3"
"Total",981.57641006,"981 Million MWh","2019 Q4"
"Total",979.2666524399999,"979 Million MWh","2020 Q1"
"Total",948.1860606100001,"948 Million MWh","2020 Q2"
"Total",1153.2709246800002,"1,153 Million MWh","2020 Q3"
"Total",967.4628243400001,"967 Million MWh","2020 Q4"
"Total",999.4765158600002,"999 Million MWh","2021 Q1"
"Total",999.31909943,"999 Million MWh","2021 Q2"
"Total",1179.64813609,"1,179 Million MWh","2021 Q3"
